file_name,tool_type,peak_freq,peak_mag,spectral_centroid,spectral_bandwidth,spectral_rolloff,spectral_spread,spectral_skewness,spectral_kurtosis,rms_energy,zero_crossing_rate,peak_to_peak,energy,duration,start_time,end_time,extract_date
20260718_170035.wav,xanh,0,1,2242.911605,1855.696986,4377.45098,1855.696986,1.028609359,0.258507243,0.121571146,0.171875,1.9715271,48.24042892,0.204,0.2211875,0.4251875,
20260718_170035.wav,xanh,0,1,2143.15699,1913.282892,4446.078431,1913.282892,1.081575307,0.234809416,0.100084111,0.160539216,1.955383301,32.69493103,0.204,1.7715625,1.9755625,
20260718_170035.wav,xanh,0,1,2959.140376,2248.694676,6088.235294,2248.694676,0.569816649,-0.948785545,0.121189341,0.176470588,1.969146729,47.93790054,0.204,3.30175,3.50575,
20260718_170035.wav,xanh,0,1,2068.511627,1865.150271,4303.921569,1865.150271,1.194979689,0.570518923,0.097141452,0.149816176,1.978637695,30.8006115,0.204,4.8760625,5.0800625,
20260718_170035.wav,xanh,882.3529412,1,2939.619815,2284.933829,6142.156863,2284.933829,0.653765526,-0.810897103,0.112309769,0.197916667,1.971435547,41.17041397,0.204,6.40475,6.60875,
20260718_170047.wav,xanh,4.901960784,1,3307.542833,2418.381885,6514.705882,2418.381885,0.355465315,-1.250616281,0.224134758,0.158088235,1.986358643,163.9715729,0.204,0.1518125,0.3558125,
20260718_170047.wav,xanh,0,1,1761.065159,1851.439276,4029.411765,1851.439276,1.349372936,0.955565217,0.015796356,0.09252451,0.174316406,0.814449072,0.204,0.2666875,0.4706875,
20260718_170047.wav,xanh,941.1764706,1,2206.037528,1908.647557,4549.019608,1908.647557,1.017196108,0.060408538,0.09118481,0.171568627,1.952423096,27.13908386,0.204,1.774125,1.978125,
20260718_170047.wav,xanh,887.254902,1,2726.010458,2101.439134,5465.686275,2101.439134,0.797541998,-0.442354565,0.114887536,0.192708333,1.978515625,43.08201218,0.204,3.3018125,3.5058125,
20260718_170047.wav,xanh,0,1,1946.836536,1814.175498,4176.470588,1814.175498,1.279095441,0.773106397,0.083915971,0.136948529,1.887115479,22.98472977,0.204,4.8774375,5.0814375,
20260718_170059.wav,xanh,0,1,3628.2828,2299.165853,6446.078431,2299.165853,0.173003661,-1.291781204,0.231118202,0.180147059,1.989074707,174.348587,0.204,0.149625,0.353625,
20260718_170059.wav,xanh,0,1,1933.452469,1848.174693,4127.45098,1848.174693,1.283673298,0.792648469,0.018071318,0.133578431,0.211364746,1.065932631,0.204,0.2520625,0.4560625,
20260718_170059.wav,xanh,0,1,2037.907816,1846.502076,4215.686275,1846.502076,1.244243754,0.729284155,0.103116348,0.148897059,1.962463379,34.70605087,0.204,1.7711875,1.9751875,
20260718_170059.wav,xanh,887.254902,1,2038.515227,1873.11128,4338.235294,1873.11128,1.234784509,0.638601841,0.071011014,0.150122549,1.936706543,16.45892906,0.204,3.3260625,3.5300625,
20260718_170059.wav,xanh,887.254902,1,2037.446356,1859.167292,4230.392157,1859.167292,1.247190289,0.709790349,0.098435201,0.157781863,1.961181641,31.62649155,0.204,4.8755625,5.0795625,
20260718_170111.wav,xanh,0,1,1936.097067,1847.973917,4122.54902,1847.973917,1.34239768,1.000690453,0.061638739,0.128370098,1.692138672,12.40102673,0.204,0.2064375,0.4104375,
20260718_170111.wav,xanh,0,1,1977.735688,1845.287383,4137.254902,1845.287383,1.299376864,0.871010162,0.090203784,0.125612745,1.892822266,26.55826569,0.204,1.756875,1.960875,
20260718_170111.wav,xanh,946.0784314,1,3199.75612,2420.911924,6656.862745,2420.911924,0.549849028,-1.01280682,0.10928227,0.190257353,1.961212158,38.98069382,0.204,3.285875,3.489875,
20260718_170111.wav,xanh,0,1,2100.19871,1854.678442,4308.823529,1854.678442,1.183466379,0.574166147,0.101825505,0.155330882,1.93661499,33.84256363,0.204,4.86025,5.06425,
20260718_170111.wav,xanh,0,1,2179.323967,1900.85618,4500,1900.85618,1.05039692,0.195141221,0.09526287,0.164828431,1.945526123,29.62084579,0.204,6.4121875,6.6161875,
20260718_170126.wav,xanh,0,1,2209.001668,1950.077982,4553.921569,1950.077982,1.00829731,0.011619316,0.100742467,0.15502451,1.973266602,33.1264801,0.204,0.2095,0.4135,
20260718_170126.wav,xanh,887.254902,1,2276.901045,2001.303722,4769.607843,2001.303722,1.112500023,0.226956386,0.114634477,0.15502451,1.989105225,42.89243317,0.204,1.7469375,1.9509375,
20260718_170126.wav,xanh,0,1,2957.270342,2312.934129,5980.392157,2312.934129,0.658357577,-0.858505951,0.11821872,0.193014706,1.924530029,45.61657333,0.204,3.2855625,3.4895625,
20260718_170126.wav,xanh,946.0784314,1,2063.456696,1795.23397,4117.647059,1795.23397,1.238115272,0.853354446,0.099285647,0.156556373,1.86114502,32.17533493,0.204,4.8598125,5.0638125,
20260718_170126.wav,xanh,0,1,2164.497661,1865.962681,4367.647059,1865.962681,1.091631495,0.385524494,0.056218527,0.156862745,1.893218994,10.31594658,0.204,6.4146875,6.6186875,
20260718_163405.wav,xanh,0,1,2043.115749,1839.216739,4230.392157,1839.216739,1.128351866,0.481769868,0.068735026,0.128063725,1.76574707,15.42078018,0.204,0.2066875,0.4106875,
20260718_163405.wav,xanh,0,1,2296.358732,1914.670646,4651.960784,1914.670646,0.874386533,-0.205246973,0.080952451,0.15625,1.914581299,21.38996887,0.204,1.7591875,1.9631875,
20260718_163405.wav,xanh,0,1,2265.579258,1882.923821,4588.235294,1882.923821,0.887459596,-0.211456324,0.085858062,0.165134804,1.873443604,24.06092644,0.204,3.3103125,3.5143125,
20260718_163405.wav,xanh,0,1,2167.411784,1864.82389,4509.803922,1864.82389,0.969176068,-0.080217301,0.069784395,0.142156863,1.859436035,15.89522743,0.204,4.8639375,5.0679375,
20260718_163405.wav,xanh,0,1,2232.018308,1887.269221,4500,1887.269221,0.912925107,-0.13831485,0.064219199,0.15870098,1.92880249,13.4610815,0.204,6.4163125,6.6203125,
20260718_163419.wav,xanh,0,1,2041.020321,1864.199677,4186.27451,1864.199677,1.208908805,0.628250887,0.066796698,0.130514706,1.885192871,14.56330967,0.204,0.20625,0.41025,
20260718_163419.wav,xanh,950.9803922,1,2153.548073,1848.735348,4377.45098,1848.735348,1.012702168,0.13132787,0.081669942,0.162683824,1.98135376,21.77081299,0.204,1.758875,1.962875,
20260718_163419.wav,xanh,0,1,2171.814786,1878.684574,4485.294118,1878.684574,1.000691595,0.024565245,0.083745383,0.174019608,1.921081543,22.89137459,0.204,3.3105,3.5145,
20260718_163419.wav,xanh,0,1,2095.816795,1852.425959,4401.960784,1852.425959,1.045659681,0.148429136,0.050313544,0.150122549,1.386962891,8.262661934,0.204,4.866125,5.070125,
20260718_163419.wav,xanh,617.6470588,1,2158.29729,1878.562695,4475.490196,1878.562695,0.981321607,-0.000534235,0.092501134,0.165747549,1.976654053,27.92828369,0.204,6.4130625,6.6170625,
20260718_163431.wav,xanh,0,1,1943.313087,1829.992971,4009.803922,1829.992971,1.246747255,0.871103434,0.052498054,0.120404412,1.874267578,8.995733261,0.204,0.2253125,0.4293125,
20260718_163431.wav,xanh,0,1,2020.501213,1799.242978,4215.686275,1799.242978,1.215746629,0.675208656,0.083521716,0.144607843,1.962982178,22.76926231,0.204,1.7750625,1.9790625,
20260718_163431.wav,xanh,0,1,2167.467098,1884.441932,4534.313725,1884.441932,0.941710448,-0.108408859,0.059507195,0.156556373,1.881561279,11.55817032,0.204,3.328375,3.532375,
20260718_163431.wav,xanh,0,1,2172.828135,1888.686248,4519.607843,1888.686248,0.980129762,-0.037787608,0.071969949,0.151654412,1.935150146,16.90645409,0.204,4.8804375,5.0844375,
20260718_163431.wav,xanh,0,1,1996.726341,1819.992093,4161.764706,1819.992093,1.174619964,0.564189813,0.052029844,0.134191176,1.550445557,8.835989952,0.204,6.433375,6.637375,
20260718_163446.wav,xanh,0,1,2139.475238,1846.438022,4308.823529,1846.438022,1.049904766,0.281346478,0.081038691,0.139705882,1.903808594,21.43556595,0.204,0.2113125,0.4153125,
20260718_163446.wav,xanh,0,1,2204.533764,1888.933401,4495.098039,1888.933401,0.932793084,-0.071352912,0.088126414,0.157781863,1.951263428,25.34908676,0.204,1.75725,1.96125,
20260718_163446.wav,xanh,0,1,2148.065236,1845.884715,4382.352941,1845.884715,1.017666706,0.125175742,0.082768902,0.151348039,1.92855835,22.36065483,0.204,3.3105,3.5145,
20260718_163446.wav,xanh,0,1,2219.075377,1906.496359,4553.921569,1906.496359,0.921123418,-0.154076994,0.063893281,0.150122549,1.743347168,13.32479572,0.204,4.8645,5.0685,
20260718_163446.wav,xanh,0,1,2270.427442,1888.780969,4588.235294,1888.780969,0.963478988,0.02811751,0.096926868,0.173406863,1.969116211,30.6646862,0.204,6.4138125,6.6178125,
20260718_163459.wav,xanh,0,1,2220.846422,1876.565045,4446.078431,1876.565045,0.96029069,0.021826862,0.061366972,0.146139706,1.910308838,12.29191399,0.204,0.22075,0.42475,
20260718_163459.wav,xanh,0,1,2196.079588,1851.238207,4338.235294,1851.238207,1.059705079,0.31537353,0.093516037,0.155943627,1.962097168,28.54449272,0.204,1.77175,1.97575,
20260718_163459.wav,xanh,950.9803922,1,2275.345902,1894.269895,4573.529412,1894.269895,0.934498744,-0.071663051,0.079925202,0.167892157,1.839569092,20.85055542,0.204,3.3255625,3.5295625,
20260718_163459.wav,xanh,0,1,2301.65425,1926.795702,4661.764706,1926.795702,0.886588554,-0.210996299,0.072390258,0.165441176,1.832672119,17.10449982,0.204,4.8784375,5.0824375,
20260718_163459.wav,xanh,0,1,2269.700495,1887.901413,4593.137255,1887.901413,0.878283799,-0.211505904,0.080435991,0.164828431,1.937194824,21.11791039,0.204,6.4303125,6.6343125,
20260718_163514.wav,xanh,950.9803922,1,2320.044008,1899.826178,4524.509804,1899.826178,1.000025042,0.146109824,0.092672989,0.165441176,1.918182373,28.03215408,0.204,0.2101875,0.4141875,
20260718_163514.wav,xanh,950.9803922,1,2342.561213,1948.810787,4632.352941,1948.810787,1.043257047,0.196411522,0.105524942,0.196997549,1.924346924,36.34631348,0.204,1.7521875,1.9561875,
20260718_163514.wav,xanh,950.9803922,1,2287.270862,1843.143997,4426.470588,1843.143997,0.993978197,0.185657859,0.102368511,0.175245098,1.988189697,34.2044754,0.204,3.3085,3.5125,
20260718_163514.wav,xanh,0,1,2319.160936,1896.788904,4612.745098,1896.788904,0.915408967,-0.074423111,0.095173143,0.182904412,1.956359863,29.56507492,0.204,4.8629375,5.0669375,
20260718_163514.wav,xanh,950.9803922,1,2292.879831,1865.490344,4509.803922,1865.490344,0.956194957,0.062406471,0.053245414,0.174632353,1.611816406,9.253681183,0.204,6.4191875,6.6231875,
20260718_163528.wav,xanh,946.0784314,1,2275.042138,1902.581731,4553.921569,1902.581731,0.919306656,-0.148609663,0.071648963,0.177389706,1.983062744,16.75598335,0.204,0.2211875,0.4251875,
20260718_163528.wav,xanh,950.9803922,1,2267.162479,1876.164467,4519.607843,1876.164467,0.960532907,-0.033140351,0.086280167,0.192708333,1.788024902,24.29808617,0.204,1.7706875,1.9746875,
20260718_163528.wav,xanh,950.9803922,1,2226.540556,1857.71055,4514.705882,1857.71055,0.994679818,0.036913062,0.08997637,0.182291667,1.901702881,26.42451859,0.204,3.3245,3.5285,
20260718_163528.wav,xanh,950.9803922,1,2226.872257,1871.195283,4534.313725,1871.195283,1.025380689,0.093547011,0.077403784,0.184436275,1.966430664,19.55575371,0.204,4.8774375,5.0814375,
20260718_163528.wav,xanh,901.9607843,1,2185.513788,1852.616118,4397.058824,1852.616118,1.048580224,0.229696155,0.063376293,0.172181373,1.792694092,13.1100359,0.204,6.432125,6.636125,
20260718_165516.wav,xanh,0,1,2241.964088,1919.508875,4465.686275,1919.508875,1.065677784,0.268242318,0.104778372,0.169730392,1.969604492,35.83384705,0.204,0.21,0.414,
20260718_165516.wav,xanh,946.0784314,1,3010.516597,2337.385159,6058.823529,2337.385159,0.622676562,-0.920260074,0.129191354,0.200367647,1.93170166,54.47748947,0.204,1.734875,1.938875,
20260718_165516.wav,xanh,946.0784314,1,2918.357253,2282.04642,5774.509804,2282.04642,0.622256607,-0.861488117,0.12705864,0.174019608,1.973754883,52.69368744,0.204,3.286125,3.490125,
20260718_165516.wav,xanh,887.254902,1,2820.743098,2250.127206,5632.352941,2250.127206,0.708506406,-0.690046278,0.109091058,0.190257353,1.906433105,38.84440231,0.204,4.8386875,5.0426875,
20260718_165516.wav,xanh,0,1,1990.718772,1891.507188,4303.921569,1891.507188,1.25440943,0.635735869,0.08582595,0.131740196,1.88961792,24.0429287,0.204,6.4119375,6.6159375,
20260718_165528.wav,xanh,4.901960784,1,3318.675089,2233.92786,6093.137255,2233.92786,0.294013404,-1.181093493,0.207178593,0.136948529,1.990478516,140.1005707,0.204,0.1475,0.3515,
20260718_165528.wav,xanh,0,1,1633.914147,1769.941552,3495.098039,1769.941552,1.49792201,1.578001858,0.021932106,0.056066176,0.161499023,1.570040464,0.204,0.2475625,0.4515625,
20260718_165528.wav,xanh,0,1,2101.986129,1870.05907,4328.431373,1870.05907,1.160630727,0.470372552,0.067016348,0.161458333,1.973083496,14.65924931,0.204,1.7608125,1.9648125,
20260718_165528.wav,xanh,946.0784314,1,2044.435397,1829.801475,4132.352941,1829.801475,1.267102092,0.804191497,0.064072922,0.153186275,1.905700684,13.39982891,0.204,3.31225,3.51625,
20260718_165528.wav,xanh,0,1,2029.952958,1858.710253,4254.901961,1858.710253,1.242495282,0.689328696,0.099071242,0.142769608,1.966217041,32.03652191,0.204,4.8613125,5.0653125,
20260718_165542.wav,xanh,946.0784314,1,2102.397434,1917.842325,4446.078431,1917.842325,1.191918619,0.503437749,0.095849827,0.157781863,1.922119141,29.98698807,0.204,0.2224375,0.4264375,
20260718_165542.wav,xanh,1044.117647,1,2834.129785,2188.909965,5470.588235,2188.909965,0.725154529,-0.616211502,0.137825385,0.185661765,1.974456787,62.00241089,0.204,1.7503125,1.9543125,
20260718_165542.wav,xanh,0,1,2080.50026,1900.225625,4323.529412,1900.225625,1.197230445,0.566003917,0.120914757,0.140931373,1.960540771,47.72091293,0.204,3.319375,3.523375,
20260718_165542.wav,xanh,946.0784314,1,1938.38989,1795.182547,3995.098039,1795.182547,1.381196007,1.147820054,0.096148483,0.136642157,1.982574463,30.17414665,0.204,4.8765625,5.0805625,
20260718_165542.wav,xanh,0,1,1964.552284,1818.626521,4049.019608,1818.626521,1.338056061,1.019106651,0.088227086,0.147671569,1.926544189,25.40703583,0.204,6.429,6.633,
20260718_165554.wav,xanh,0,1,3414.843834,2258.005983,6240.196078,2258.005983,0.308202732,-1.125979517,0.225425899,0.195772059,1.994262695,165.8661499,0.204,0.14325,0.34725,
20260718_165554.wav,xanh,0,1,1875.863317,1850.048191,4049.019608,1850.048191,1.273641592,0.830326443,0.016726259,0.116421569,0.191314697,0.913161874,0.204,0.24475,0.44875,
20260718_165554.wav,xanh,946.0784314,1,2981.93259,2336.611277,6348.039216,2336.611277,0.6341584,-0.922612895,0.122696951,0.194240196,1.950836182,49.13802338,0.204,1.7339375,1.9379375,
20260718_165554.wav,xanh,946.0784314,1,2047.754922,1831.620488,4230.392157,1831.620488,1.242131654,0.713194887,0.083653092,0.148284314,1.812255859,22.84095001,0.204,3.310125,3.514125,
20260718_165554.wav,xanh,946.0784314,1,2040.688993,1853.647148,4191.176471,1853.647148,1.301765407,0.86486146,0.093131371,0.158088235,1.999481201,28.31015015,0.204,4.859375,5.063375,
20260718_165609.wav,xanh,0,1,2242.27603,1927.803166,4426.470588,1927.803166,1.026944425,0.235665281,0.162728399,0.136948529,1.987823486,86.43244934,0.204,0.2046875,0.4086875,
20260718_165609.wav,xanh,0,1,2170.664419,1870.248661,4240.196078,1870.248661,1.067727429,0.4070261,0.089439958,0.143688725,1.892791748,26.11038971,0.204,1.7713125,1.9753125,
20260718_165609.wav,xanh,4.901960784,1,2305.557557,1909.083308,4607.843137,1909.083308,1.007612129,0.169567803,0.132604882,0.155330882,1.977020264,57.39435196,0.204,3.3126875,3.5166875,
20260718_165609.wav,xanh,637.254902,1,2295.880281,1831.939775,4357.843137,1831.939775,1.037786351,0.363573898,0.103513956,0.175245098,1.838287354,34.97421265,0.204,4.86,5.064,
20260718_165609.wav,xanh,946.0784314,1,2165.055079,1877.54245,4470.588235,1877.54245,1.081477753,0.251516014,0.073376209,0.15502451,1.908325195,17.57359886,0.204,6.4145625,6.6185625,
20260718_165625.wav,xanh,4.901960784,1,3493.721816,2470.667012,6843.137255,2470.667012,0.3354625,-1.278707643,0.257494479,0.173406863,1.985351563,216.4143372,0.204,0.141875,0.345875,
20260718_165625.wav,xanh,0,1,1747.015097,1832.568902,3867.647059,1832.568902,1.393193364,1.156247061,0.020361396,0.074754902,0.213287354,1.353210211,0.204,0.2503125,0.4543125,
20260718_165625.wav,xanh,941.1764706,1,2125.785855,1907.420519,4465.686275,1907.420519,1.155620884,0.374763334,0.092568517,0.169117647,1.926879883,27.96898842,0.204,1.7569375,1.9609375,
20260718_165625.wav,xanh,0,1,2180.865911,1948.103956,4553.921569,1948.103956,1.071006179,0.15205655,0.08585187,0.149203431,1.955627441,24.05745316,0.204,3.309625,3.513625,
20260718_165625.wav,xanh,0,1,1997.197268,1861.599765,4279.411765,1861.599765,1.255501362,0.681661173,0.095040828,0.143995098,1.975799561,29.48292542,0.204,4.8604375,5.0644375,
20260718_165641.wav,xanh,0,1,2060.095019,1933.36211,4416.666667,1933.36211,1.084240313,0.211894694,0.081244372,0.140012255,1.989379883,21.54451561,0.204,0.2114375,0.4154375,
20260718_165641.wav,xanh,946.0784314,1,2309.336694,1949.478317,4598.039216,1949.478317,0.998434648,0.050956626,0.131328225,0.183517157,1.985168457,56.29453659,0.204,1.74975,1.95375,
20260718_165641.wav,xanh,4.901960784,1,2239.745345,1951.424687,4485.294118,1951.424687,0.959777611,-0.007226176,0.099252753,0.150735294,1.949584961,32.1540184,0.204,3.31275,3.51675,
20260718_165641.wav,xanh,799.0196078,1,3049.406985,2301.122042,6029.411765,2301.122042,0.595604097,-0.869756706,0.134622604,0.21629902,1.976470947,59.15427399,0.204,4.83775,5.04175,
20260718_165641.wav,xanh,0,1,2294.860856,1855.873535,4196.078431,1855.873535,1.013335003,0.301135825,0.095913582,0.143995098,1.95324707,30.02689171,0.204,6.41325,6.61725,
20260718_164634.wav,xanh,0,1,2204.981705,1860.30938,4480.392157,1860.30938,0.986965522,0.036824184,0.090509214,0.165747549,1.945861816,26.73841667,0.204,0.222,0.426,
20260718_164634.wav,xanh,0,1,2080.742558,1832.669278,4303.921569,1832.669278,1.082064497,0.361833228,0.07431557,0.140318627,1.849700928,18.02643204,0.204,1.77525,1.97925,
20260718_164634.wav,xanh,0,1,2053.90965,1855.670933,4372.54902,1855.670933,1.124673208,0.316351574,0.078827009,0.140318627,1.951324463,20.28150749,0.204,3.3273125,3.5313125,
20260718_164634.wav,xanh,0,1,2037.981585,1847.293689,4240.196078,1847.293689,1.062919326,0.342699559,0.053155787,0.137867647,1.530181885,9.222555161,0.204,4.8814375,5.0854375,
20260718_164634.wav,xanh,892.1568627,1,2543.130213,1867.534938,4700.980392,1867.534938,0.851488469,-0.111464615,0.084193155,0.17064951,1.787384033,23.13682365,0.204,6.3925625,6.5965625,
20260718_164646.wav,xanh,0,1,2080.810034,1811.976807,3990.196078,1811.976807,1.182392867,0.737781932,0.045501906,0.145833333,1.55682373,6.757862091,0.204,0.2215625,0.4255625,
20260718_164646.wav,xanh,887.254902,1,2047.172362,1850.377737,4343.137255,1850.377737,1.180991181,0.480601554,0.088827431,0.161764706,1.890319824,25.75397873,0.204,1.772875,1.976875,
20260718_164646.wav,xanh,887.254902,1,2133.016001,1880.680165,4465.686275,1880.680165,1.058298436,0.160750354,0.083327673,0.157169118,1.978515625,22.66358757,0.204,3.3260625,3.5300625,
20260718_164646.wav,xanh,0,1,2062.618471,1822.287816,4299.019608,1822.287816,1.137600399,0.428293537,0.06812036,0.156556373,1.885375977,15.14621258,0.204,4.8795,5.0835,
20260718_164646.wav,xanh,617.6470588,1,1996.816974,1817.344989,4254.901961,1817.344989,1.203661658,0.584432434,0.063468494,0.135416667,1.953735352,13.14820766,0.204,6.432,6.636,
20260718_164701.wav,xanh,0,1,2154.215492,1840.88369,4308.823529,1840.88369,1.101768444,0.436653822,0.058152873,0.130821078,1.872589111,11.03805351,0.204,0.219,0.423,
20260718_164701.wav,xanh,0,1,2206.483383,1883.884717,4485.294118,1883.884717,0.968094956,-0.01494126,0.068029739,0.140625,1.781341553,15.10593987,0.204,1.7694375,1.9734375,
20260718_164701.wav,xanh,0,1,2185.588103,1888.962144,4470.588235,1888.962144,0.979569095,0.033099547,0.086782791,0.131433824,1.949707031,24.58200836,0.204,3.32075,3.52475,
20260718_164701.wav,xanh,0,1,2126.810654,1858.375188,4338.235294,1858.375188,1.022138464,0.191286104,0.067183636,0.138480392,1.760559082,14.73252583,0.204,4.879625,5.083625,
20260718_164701.wav,xanh,0,1,2079.265079,1805.211857,4186.27451,1805.211857,1.171605297,0.667822801,0.051993746,0.136642157,1.796722412,8.82373333,0.204,6.4338125,6.6378125,
20260718_164714.wav,xanh,784.3137255,1,2372.250907,1925.959286,4622.54902,1925.959286,0.951099933,-0.017453608,0.098031044,0.20189951,1.943328857,31.36731911,0.204,0.1926875,0.3966875,
20260718_164714.wav,xanh,784.3137255,1,2205.644245,1873.225851,4485.294118,1873.225851,0.971061122,-0.006996883,0.079444751,0.171875,1.847564697,20.60063362,0.204,1.7518125,1.9558125,
20260718_164714.wav,xanh,946.0784314,1,2168.010657,1879.799011,4470.588235,1879.799011,1.022106567,0.060585469,0.077784769,0.167279412,1.840942383,19.74873352,0.204,3.30525,3.50925,
20260718_164714.wav,xanh,950.9803922,1,2153.230305,1828.641867,4382.352941,1828.641867,1.063398083,0.222198485,0.073318712,0.179840686,1.924041748,17.54606819,0.204,4.8603125,5.0643125,
20260718_164714.wav,xanh,887.254902,1,2048.732403,1795.063443,4240.196078,1795.063443,1.138841652,0.445249507,0.072572865,0.160232843,1.944854736,17.19090271,0.204,6.414,6.618,
20260718_164727.wav,xanh,0,1,1980.377727,1797.81616,4181.372549,1797.81616,1.22570601,0.7256992,0.054692447,0.105392157,1.384918213,9.763484955,0.204,0.214,0.418,
20260718_164727.wav,xanh,0,1,2188.225881,1905.632752,4558.823529,1905.632752,0.981084533,-0.027644018,0.077871829,0.132046569,1.874572754,19.79296684,0.204,1.759125,1.963125,
20260718_164727.wav,xanh,0,1,2006.181585,1833.587572,4254.901961,1833.587572,1.189956119,0.554782847,0.070468433,0.132965686,1.906219482,16.20837212,0.204,3.3106875,3.5146875,
20260718_164727.wav,xanh,0,1,1969.911173,1804.204697,4191.176471,1804.204697,1.219761557,0.642813826,0.052900918,0.12622549,1.730804443,9.134326935,0.204,4.8630625,5.0670625,
20260718_164727.wav,xanh,0,1,1977.601949,1782.433047,4166.666667,1782.433047,1.212251807,0.646682577,0.056456637,0.147058824,1.804779053,10.40351677,0.204,6.4123125,6.6163125,
20260718_164739.wav,xanh,0,1,2111.887451,1886.310173,4460.784314,1886.310173,1.029578188,0.100590612,0.057917841,0.121629902,1.630859375,10.9490099,0.204,0.2166875,0.4206875,
20260718_164739.wav,xanh,0,1,1852.965761,1833.781681,4024.509804,1833.781681,1.217550939,0.7605282,0.055446863,0.095894608,1.655090332,10.03469372,0.204,1.760875,1.964875,
20260718_164739.wav,xanh,0,1,2178.28539,1921.761341,4583.333333,1921.761341,0.92657638,-0.139400307,0.063014813,0.139093137,1.690551758,12.96090984,0.204,3.3085625,3.5125625,
20260718_164739.wav,xanh,0,1,1896.189545,1756.643639,4078.431373,1756.643639,1.259459122,0.838834023,0.07241004,0.131433824,1.871154785,17.11384964,0.204,4.861375,5.065375,
20260718_164739.wav,xanh,0,1,1961.738707,1775.294204,4181.372549,1775.294204,1.191337711,0.625354965,0.071037985,0.128063725,1.848175049,16.47143555,0.204,6.4145,6.6185,
20260718_163713.wav,xanh,0,1,2108.443499,1818.053923,4250,1818.053923,1.101150338,0.480681617,0.072135739,0.116421569,1.972717285,16.98443604,0.204,0.206125,0.410125,
20260718_163713.wav,xanh,0,1,2225.890258,1888.935458,4549.019608,1888.935458,0.945999716,-0.081635895,0.074746884,0.143688725,1.89553833,18.23628616,0.204,1.7581875,1.9621875,
20260718_163713.wav,xanh,0,1,2147.912206,1856.249083,4401.960784,1856.249083,1.056095436,0.21930559,0.061364874,0.15502451,1.809906006,12.29107475,0.204,3.3115625,3.5155625,
20260718_163713.wav,xanh,0,1,2208.737441,1881.558145,4495.098039,1881.558145,0.995717818,0.023655137,0.085743032,0.15870098,1.882751465,23.9964962,0.204,4.8604375,5.0644375,
20260718_163713.wav,xanh,0,1,2137.988589,1864.181052,4401.960784,1864.181052,1.051782331,0.174519678,0.057987582,0.146752451,1.920135498,10.97539425,0.204,6.4143125,6.6183125,
20260718_163726.wav,xanh,0,1,2182.795423,1875.794248,4441.176471,1875.794248,1.00441839,0.132619263,0.104670078,0.145833333,1.972747803,35.7598114,0.204,0.21025,0.41425,
20260718_163726.wav,xanh,0,1,2231.276186,1913.968802,4598.039216,1913.968802,0.987830114,-0.008677308,0.07057295,0.139705882,1.897460938,16.2564888,0.204,1.7584375,1.9624375,
20260718_163726.wav,xanh,0,1,2174.006041,1855.16103,4450.980392,1855.16103,1.017706043,0.086205557,0.073606946,0.14307598,1.893707275,17.68429375,0.204,3.3109375,3.5149375,
20260718_163726.wav,xanh,0,1,2211.876217,1877.294462,4500,1877.294462,0.979865702,-0.007350412,0.059837792,0.139705882,1.700836182,11.68695259,0.204,4.863875,5.067875,
20260718_163726.wav,xanh,0,1,2126.846315,1834.392657,4377.45098,1834.392657,1.046947108,0.149365267,0.073864184,0.147671569,1.97467041,17.80811691,0.204,6.4163125,6.6203125,
20260718_163742.wav,xanh,0,1,2168.234618,1854.247177,4367.647059,1854.247177,1.039465932,0.225308954,0.052641332,0.137254902,1.667480469,9.044902802,0.204,0.206125,0.410125,
20260718_163742.wav,xanh,0,1,2245.778762,1884.081049,4470.588235,1884.081049,1.02802478,0.191146918,0.055847496,0.151654412,1.720092773,10.18023014,0.204,1.7576875,1.9616875,
20260718_163742.wav,xanh,0,1,2233.944376,1901.724198,4509.803922,1901.724198,0.951696936,-0.04155225,0.045453869,0.142463235,1.540802002,6.743600368,0.204,3.3116875,3.5156875,
20260718_163742.wav,xanh,0,1,2283.706092,1900.627726,4529.411765,1900.627726,0.887990516,-0.149690305,0.061092537,0.151348039,1.900085449,12.18222046,0.204,4.8591875,5.0631875,
20260718_163742.wav,xanh,0,1,2163.403047,1872.869783,4450.980392,1872.869783,0.991890219,0.044029887,0.065253772,0.158088235,1.9375,13.89828968,0.204,6.4114375,6.6154375,
20260718_163756.wav,xanh,887.254902,1,2150.817848,1861.83299,4416.666667,1861.83299,1.084574463,0.224824512,0.068254136,0.159007353,1.856964111,15.20575809,0.204,0.2079375,0.4119375,
20260718_163756.wav,xanh,950.9803922,1,2087.038866,1835.318881,4343.137255,1835.318881,1.146555215,0.414217363,0.048133891,0.149203431,1.920471191,7.562268257,0.204,1.7570625,1.9610625,
20260718_163756.wav,xanh,901.9607843,1,2373.193737,1880.156397,4553.921569,1880.156397,0.959904631,0.056330399,0.092225701,0.196384804,1.969177246,27.76221275,0.204,3.3071875,3.5111875,
20260718_163756.wav,xanh,950.9803922,1,2407.322752,1914.49418,4632.352941,1914.49418,0.914778874,-0.038470396,0.112212762,0.184436275,1.898742676,41.09932327,0.204,4.8543125,5.0583125,
20260718_163756.wav,xanh,901.9607843,1,2245.826925,1830.396756,4357.843137,1830.396756,1.05310178,0.313393444,0.089473091,0.18504902,1.9480896,26.12973595,0.204,6.4130625,6.6170625,
20260718_163811.wav,xanh,0,1,2298.436639,1884.498993,4490.196078,1884.498993,1.011477213,0.188410465,0.086068839,0.190870098,1.974578857,24.17920494,0.204,0.2105625,0.4145625,
20260718_163811.wav,xanh,0,1,2320.610598,1907.371349,4593.137255,1907.371349,0.981093357,0.087626833,0.088631272,0.177083333,1.823150635,25.64036179,0.204,1.755875,1.959875,
20260718_163811.wav,xanh,950.9803922,1,2273.770856,1873.276237,4431.372549,1873.276237,0.952311869,0.02596355,0.095667109,0.178615196,1.990478516,29.87276649,0.204,3.306875,3.510875,
20260718_163811.wav,xanh,950.9803922,1,2248.402779,1853.87006,4431.372549,1853.87006,0.956616089,0.053981714,0.071029879,0.180453431,1.945037842,16.46767616,0.204,4.8611875,5.0651875,
20260718_163811.wav,xanh,0,1,2255.462211,1865.162158,4436.27451,1865.162158,0.982428755,0.089888332,0.085792094,0.165134804,1.919128418,24.02396584,0.204,6.412625,6.616625,
20260718_163825.wav,xanh,887.254902,1,2270.420704,1868.669462,4504.901961,1868.669462,1.002792071,0.116848008,0.102514774,0.191176471,1.961120605,34.30228424,0.204,0.2185625,0.4225625,
20260718_163825.wav,xanh,950.9803922,1,2253.925209,1877.558846,4519.607843,1877.558846,0.944551319,-0.032604855,0.08024741,0.170036765,1.928161621,21.01900482,0.204,1.7723125,1.9763125,
20260718_163825.wav,xanh,950.9803922,1,2192.325681,1866.284163,4470.588235,1866.284163,0.961101247,-0.065015628,0.071425043,0.173713235,1.86505127,16.65141487,0.204,3.326875,3.530875,
20260718_163825.wav,xanh,950.9803922,1,2227.23396,1860.571012,4475.490196,1860.571012,0.932109941,-0.097394926,0.064711303,0.178308824,1.878692627,13.66816998,0.204,4.8798125,5.0838125,
20260718_163825.wav,xanh,950.9803922,1,2216.391945,1863.802438,4500,1863.802438,0.956446608,-0.058266106,0.084296525,0.160539216,1.967376709,23.19367027,0.204,6.430625,6.634625,
20260718_163837.wav,xanh,0,1,2213.038297,1912.119938,4514.705882,1912.119938,0.950649392,-0.031172593,0.093117982,0.149816176,1.979034424,28.30200958,0.204,0.204625,0.408625,
20260718_163837.wav,xanh,0,1,2131.014325,1875.058025,4421.568627,1875.058025,1.02913764,0.196119225,0.072638407,0.125,1.96206665,17.2219677,0.204,1.758625,1.962625,
20260718_163837.wav,xanh,0,1,2159.145641,1846.599634,4343.137255,1846.599634,1.022331184,0.203123697,0.043751255,0.136642157,1.453704834,6.247859001,0.204,3.3144375,3.5184375,
20260718_163837.wav,xanh,0,1,2190.839479,1898.863573,4485.294118,1898.863573,0.975981433,-0.039716016,0.060565017,0.143995098,1.654205322,11.97274876,0.204,4.86325,5.06725,
20260718_163837.wav,xanh,0,1,2167.65552,1862.764716,4421.568627,1862.764716,1.01591666,0.123561841,0.067518368,0.133578431,1.945739746,14.87969398,0.204,6.41475,6.61875,
1 1.wav,chin,19706.52174,1,5739.541374,5523.493087,11668.47826,5523.493087,1.167228982,0.597090786,0.045377798,0.573029891,1.167602539,18.18636513,0.184,9.657791667,9.841791667,
1-1.wav,chin,19708.33333,1,8239.050534,7841.579949,19708.33333,7841.579949,0.497507513,-1.408312225,0.075537488,0.785416667,1.504577637,65.73210144,0.24,0.307770833,0.547770833,
1-1.wav,chin,19704.16667,1,7874.370163,7552.768057,19704.16667,7552.768057,0.631726537,-1.194088878,0.052673165,0.703385417,1.558502197,31.96180725,0.24,0.9561875,1.1961875,
1-1.wav,chin,19708.33333,1,6502.659252,6782.984453,19704.16667,6782.984453,1.013761514,-0.389370199,0.046971053,0.735763889,1.692626953,25.41634178,0.24,2.315354167,2.555354167,
1-1.wav,chin,19708.33333,1,6500.957814,7521.60731,19708.33333,7521.60731,0.969950552,-0.748903643,0.060618058,0.770399306,1.379211426,42.33080292,0.24,3.14425,3.38425,
1-1.wav,chin,458.3333333,1,4483.471157,4970.836337,9941.666667,4970.836337,1.455241377,1.505663656,0.041738261,0.230729167,1.54486084,20.06878853,0.24,4.312145833,4.552145833,
1-1.wav,chin,19708.33333,1,5134.955791,5458.995706,10733.33333,5458.995706,1.518733682,1.444674879,0.049536508,0.556336806,1.71585083,28.2685318,0.24,5.581270833,5.821270833,
1-1.wav,chin,19708.33333,1,5878.041736,6031.415806,12220.83333,6031.415806,1.227796308,0.42516162,0.050470367,0.676128472,1.132080078,29.34441185,0.24,6.812104167,7.052104167,
1-1.wav,chin,19708.33333,1,5835.293364,5568.9965,11537.5,5568.9965,1.204222372,0.615342096,0.038522575,0.620920139,1.260040283,17.09555054,0.24,8.341875,8.581875,
1-1.wav,chin,19708.33333,1,5831.011805,5728.143667,11845.83333,5728.143667,1.177594433,0.511695701,0.042277038,0.627777778,1.167602539,20.59024811,0.24,9.657791667,9.897791667,
1-1.wav,chin,19708.33333,1,6442.200243,6966.767787,19708.33333,6966.767787,1.055664907,-0.386975367,0.076527253,0.766059028,1.441375732,67.46595764,0.24,10.88139583,11.12139583,
13-1.wav,chin,279.1666667,1,3633.837945,4512.055549,7654.166667,4512.055549,1.811981299,3.096287455,0.059937511,0.178298611,1.440551758,41.38566208,0.24,0.384083333,0.624083333,
13-1.wav,chin,279.1666667,1,3697.377007,4600.218243,8075,4600.218243,1.70150273,2.402820654,0.067460626,0.160763889,1.67477417,52.42677689,0.24,1.553291667,1.793291667,
13-1.wav,chin,279.1666667,1,3362.602752,4618.824742,7191.666667,4618.824742,1.955184954,3.353231996,0.064383395,0.090711806,1.669219971,47.75294876,0.24,2.745770833,2.985770833,
13-1.wav,chin,279.1666667,1,3000.711393,4307.181447,6050,4307.181447,2.244554759,4.742699431,0.081764996,0.12734375,1.725280762,77.01712799,0.24,3.908541667,4.148541667,
13-1.wav,chin,279.1666667,1,3866.20144,4794.39073,8245.833333,4794.39073,1.684848153,2.294421926,0.062437017,0.144791667,1.588317871,44.90935135,0.24,5.057666667,5.297666667,
13-1.wav,chin,179.1666667,1,3431.996632,4497.422998,7595.833333,4497.422998,1.891648541,3.240017867,0.070236921,0.183767361,1.411773682,56.83075333,0.24,6.273270833,6.513270833,
13-1.wav,chin,279.1666667,1,2967.798421,3744.821661,4866.666667,3744.821661,2.676822762,7.972184502,0.070761196,0.233333333,1.809967041,57.68233109,0.24,7.505166667,7.745166667,
13-1.wav,chin,179.1666667,1,3500.849911,4142.962236,7262.5,4142.962236,1.877912598,3.512580802,0.069530606,0.153732639,1.715820313,55.69349289,0.24,8.726979167,8.966979167,
13-1.wav,chin,179.1666667,1,4320.767689,5161.41169,10287.5,5161.41169,1.434521602,1.276154613,0.061708134,0.203038194,1.41494751,43.86693573,0.24,9.860395833,10.10039583,
13-1.wav,chin,179.1666667,1,3581.383798,5004.745939,8225,5004.745939,1.836810022,2.505700855,0.06044944,0.187934028,1.187561035,42.09563065,0.24,10.839,11.079,
14-1.wav,chin,337.5,1,4254.954402,4449.214274,8125,4449.214274,1.603168586,2.218147311,0.057997052,0.213541667,1.516876221,38.74934387,0.24,0.935145833,1.175145833,
14-1.wav,chin,479.1666667,1,3966.595237,4427.824932,8104.166667,4427.824932,1.651123987,2.320206401,0.069056645,0.130555556,1.653869629,54.93681335,0.24,2.101375,2.341375,
14-1.wav,chin,479.1666667,1,3881.000768,4479.930146,8350,4479.930146,1.574904266,2.029294545,0.061100822,0.128472222,1.445953369,43.00773621,0.24,3.052875,3.292875,
14-1.wav,chin,279.1666667,1,5398.875031,5179.917112,11312.5,5179.917112,1.104683121,0.323139832,0.047100857,0.210677083,1.546051025,25.55701256,0.24,4.1971875,4.4371875,
14-1.wav,chin,337.5,1,4602.102368,5064.144608,10870.83333,5064.144608,1.187768083,0.517381037,0.061437234,0.126822917,1.373809814,43.48263168,0.24,5.2959375,5.5359375,
14-1.wav,chin,337.5,1,4358.634849,4990.824731,10625,4990.824731,1.415006813,1.118273345,0.060258884,0.099305556,1.584472656,41.83065414,0.24,6.397354167,6.637354167,
14-1.wav,chin,337.5,1,3857.211862,4828.813417,8625,4828.813417,1.541574294,1.651400123,0.064145312,0.112847222,1.370635986,47.40043259,0.24,7.4969375,7.7369375,
14-1.wav,chin,466.6666667,1,4093.071802,4308.253248,8108.333333,4308.253248,1.66641714,2.478263292,0.074097656,0.152430556,1.634735107,63.25012589,0.24,9.927916667,10.16791667,
14-1.wav,chin,479.1666667,1,4288.831964,4197.599064,7800,4197.599064,1.574514298,2.520299795,0.05827187,0.140885417,1.29977417,39.11743546,0.24,11.03395833,11.27395833,
4-1.wav,chin,1429.166667,1,3959.764306,4446.418348,8070.833333,4446.418348,1.763107159,2.664243226,0.045921303,0.145052083,1.561157227,24.29298401,0.24,0.666666667,0.906666667,
4-1.wav,chin,19708.33333,1,4109.15242,4376.106543,7670.833333,4376.106543,1.745233167,3.008619768,0.048197418,0.219010417,1.477233887,26.76085854,0.24,1.918020833,2.158020833,
4-1.wav,chin,19708.33333,1,4181.106474,4442.852878,8208.333333,4442.852878,1.558971776,2.260488413,0.056206584,0.215972222,1.729705811,36.39375687,0.24,3.1644375,3.4044375,
4-1.wav,chin,19708.33333,1,4709.32541,4628.322596,9283.333333,4628.322596,1.420878781,1.649791426,0.04496887,0.315364583,1.308288574,23.2957325,0.24,4.314520833,4.554520833,
4-1.wav,chin,279.1666667,1,4513.499934,4855.453625,9641.666667,4855.453625,1.513801037,1.647212673,0.053382695,0.244791667,1.659179688,32.82868195,0.24,5.434770833,5.674770833,
4-1.wav,chin,279.1666667,1,3825.967618,4491.938001,7554.166667,4491.938001,1.769853607,2.82751327,0.076805063,0.171527778,1.87210083,67.9566803,0.24,6.619104167,6.859104167,
4-1.wav,chin,19708.33333,1,3828.770659,4333.512156,7762.5,4333.512156,1.826924727,3.080836212,0.066439956,0.215711806,1.553497314,50.85235977,0.24,7.879979167,8.119979167,
4-1.wav,chin,341.6666667,1,3910.848478,4753.217144,8333.333333,4753.217144,1.575445035,1.90329498,0.06765952,0.157986111,1.521850586,52.73638153,0.24,9.077083333,9.317083333,
4-1.wav,chin,19708.33333,1,3969.212462,4513.225801,8045.833333,4513.225801,1.734429467,2.780748339,0.053434476,0.324131944,1.57824707,32.89240265,0.24,10.25802083,10.49802083,
4-1.wav,chin,19708.33333,1,4190.684576,4568.863332,7983.333333,4568.863332,1.669375503,2.537434685,0.05056145,0.257291667,1.243804932,29.45042419,0.24,11.3566875,11.5966875,
6-1.wav,chin,19708.33333,1,4193.540186,4193.619138,7291.666667,4193.619138,1.865862045,3.76866033,0.057520621,0.21171875,1.28024292,38.11532593,0.24,0.6879375,0.9279375,
6-1.wav,chin,233.3333333,1,4034.127493,4513.010898,7704.166667,4513.010898,1.794924663,2.883768758,0.054583352,0.198177083,1.401672363,34.3220253,0.24,2.130833333,2.370833333,
6-1.wav,chin,19708.33333,1,4907.141966,5027.518114,10358.33333,5027.518114,1.397538848,1.219479697,0.044696581,0.337847222,1.286773682,23.01447487,0.24,3.713375,3.953375,
6-1.wav,chin,19708.33333,1,4882.016629,5099.160612,10954.16667,5099.160612,1.437752864,1.086938776,0.050872356,0.194878472,1.857818604,29.8137207,0.24,5.266979167,5.506979167,
6-1.wav,chin,19708.33333,1,5580.440566,5194.975293,11333.33333,5194.975293,1.062741327,0.354915453,0.051261812,0.251822917,1.466430664,30.27194977,0.24,7.0445625,7.2845625,
6-1.wav,chin,19708.33333,1,5749.620401,5175.556496,11729.16667,5175.556496,1.136548972,0.415878099,0.054905385,0.212586806,1.723144531,34.72820663,0.24,8.835645833,9.075645833,
6-1.wav,chin,100,1,5624.602423,5000.111706,11420.83333,5000.111706,1.146873701,0.512553881,0.043568879,0.207118056,1.221252441,21.86780739,0.24,10.42195833,10.66195833,
6-1.wav,chin,19708.33333,1,6353.493421,5558.455433,12308.33333,5558.455433,0.782994038,-0.366495841,0.066277429,0.374131944,1.826629639,50.60387421,0.24,11.91922917,12.15922917,
6-1.wav,chin,19708.33333,1,6883.511107,5711.622156,13462.5,5711.622156,0.676266047,-0.580055586,0.04462171,0.321267361,1.388214111,22.93743515,0.24,13.27725,13.51725,
8-1.wav,chin,179.1666667,1,3542.268752,4501.309688,7041.666667,4501.309688,2.031807878,4.001388364,0.054128181,0.27734375,1.679534912,33.75198746,0.24,0.212520833,0.452520833,
8-1.wav,chin,179.1666667,1,3131.201597,4213.552375,6270.833333,4213.552375,2.257372854,5.262158382,0.067674495,0.240798611,1.350250244,52.75972748,0.24,1.399875,1.639875,
8-1.wav,chin,179.1666667,1,3172.063789,4012.637346,6737.5,4012.637346,1.965026506,4.153555444,0.061356332,0.090277778,1.367004395,43.36818695,0.24,2.4998125,2.7398125,
8-1.wav,chin,204.1666667,1,4349.09812,4874.272362,9204.166667,4874.272362,1.353923367,1.27232991,0.052148692,0.120746528,1.2706604,31.32847977,0.24,3.6159375,3.8559375,
8-1.wav,chin,425,1,4513.062569,4288.499908,8170.833333,4288.499908,1.466136775,2.274716398,0.040083587,0.177517361,1.340606689,18.50911331,0.24,4.891375,5.131375,
8-1.wav,chin,179.1666667,1,4674.028678,4721.617885,10087.5,4721.617885,1.291581287,1.224120377,0.052567203,0.203472222,1.531799316,31.8333416,0.24,5.973958333,6.213958333,
8-1.wav,chin,425,1,3494.836049,4393.208022,7325,4393.208022,1.931187003,3.388387102,0.053663932,0.087413194,1.728515625,33.17549896,0.24,7.128895833,7.368895833,
8-1.wav,chin,383.3333333,1,3756.104859,4090.976299,7308.333333,4090.976299,1.768574619,3.17492755,0.047918901,0.119357639,1.583007813,26.45246696,0.24,8.356229167,8.596229167,
8-1.wav,chin,383.3333333,1,3763.40173,3959.478987,6454.166667,3959.478987,2.031049642,4.538968439,0.044420302,0.184982639,1.354980469,22.73084068,0.24,9.451104167,9.691104167,
8-1.wav,chin,316.6666667,1,3464.558619,3813.84225,6700,3813.84225,1.902852152,3.980794268,0.055931926,0.152777778,1.355041504,36.03894424,0.24,10.6044375,10.8444375,
9-1.wav,chin,383.3333333,1,4332.679011,4747.987076,9454.166667,4747.987076,1.49050156,1.729046632,0.065312475,0.236284722,1.664550781,49.14108276,0.24,0.574625,0.814625,
9-1.wav,chin,341.6666667,1,3730.861202,4575.965206,7841.666667,4575.965206,1.762539924,2.809896439,0.074883312,0.255902778,1.753936768,64.598526,0.24,1.913479167,2.153479167,
9-1.wav,chin,341.6666667,1,3373.953406,4691.526534,7716.666667,4691.526534,1.865492227,2.990465631,0.094202042,0.194704861,1.917449951,102.228775,0.24,3.3284375,3.5684375,
9-1.wav,chin,19708.33333,1,3764.168905,4784.471127,7779.166667,4784.471127,1.81191504,2.819391066,0.061390836,0.271006944,1.552185059,43.41697693,0.24,4.788270833,5.028270833,
9-1.wav,chin,341.6666667,1,3228.8751,4381.000099,7233.333333,4381.000099,2.042610446,3.635656807,0.065829352,0.163368056,1.32522583,49.92195511,0.24,6.142,6.382,
9-1.wav,chin,341.6666667,1,4241.685582,4591.253428,8404.166667,4591.253428,1.377697391,1.685868406,0.077834524,0.238368056,1.836212158,69.79061127,0.24,7.555145833,7.795145833,
9-1.wav,chin,279.1666667,1,3765.110512,4154.878329,7725,4154.878329,1.788516553,3.337041119,0.05821187,0.243576389,1.696105957,39.03692245,0.24,8.931854167,9.171854167,
9-1.wav,chin,320.8333333,1,4194.902659,4495.646864,8645.833333,4495.646864,1.468752481,1.857612163,0.066796906,0.148871528,1.387298584,51.40024185,0.24,10.35316667,10.59316667,
9-1.wav,chin,320.8333333,1,5312.974089,4239.687381,9316.666667,4239.687381,0.981394661,0.872504864,0.062106889,0.184635417,1.616424561,44.43569946,0.24,11.56785417,11.80785417,
1.wav,chin,252.2522523,1,3371.40859,3738.37315,6144.144144,3738.37315,1.990525597,4.758516236,0.051904999,0.096846847,1.327178955,28.70863724,0.222,0.346041667,0.568041667,
1.wav,chin,324.3243243,1,3649.581797,4057.385292,7027.027027,4057.385292,1.903124724,3.812666093,0.056394201,0.193318318,1.548919678,33.88933945,0.222,1.514020833,1.736020833,
1.wav,chin,355.8558559,1,3106.962062,4131.342033,6229.72973,4131.342033,2.24363758,5.182978938,0.050504655,0.181681682,1.445953369,27.18047523,0.222,2.555333333,2.777333333,
1.wav,chin,279.2792793,1,3069.170119,4191.460713,6094.594595,4191.460713,2.154231846,4.559760772,0.052236501,0.114958709,1.433746338,29.07651901,0.222,3.655104167,3.877104167,
1.wav,chin,351.3513514,1,3802.867769,4293.16265,7328.828829,4293.16265,1.828625407,3.363167825,0.039044838,0.306681682,1.14730835,16.24506378,0.222,4.931041667,5.153041667,
1.wav,chin,355.8558559,1,4127.950916,4783.167546,8972.972973,4783.167546,1.526460689,1.580297694,0.051674955,0.142924174,1.213745117,28.45472908,0.222,6.139416667,6.361416667,
1.wav,chin,256.7567568,1,3616.358769,3911.959195,6756.756757,3911.959195,1.924984779,4.305007879,0.054824058,0.222972973,1.587921143,32.02849579,0.222,7.516416667,7.738416667,
1.wav,chin,324.3243243,1,3506.643484,4313.503277,7558.558559,4313.503277,1.776761483,3.047112042,0.060067374,0.124906156,1.618682861,38.4478035,0.222,10.18629167,10.40829167,
1.wav,chin,351.3513514,1,3740.393514,4309.386738,6954.954955,4309.386738,1.959797597,3.844453665,0.036639169,0.197541291,1.021942139,14.30491924,0.222,11.32964583,11.55164583,
2.wav,chin,355.8558559,1,4586.227381,4119.625436,8135.135135,4119.625436,1.352457784,1.800878728,0.055621617,0.145364114,1.591217041,32.96715164,0.222,0.7603125,0.9823125,
2.wav,chin,351.3513514,1,4442.00809,4335.830651,7873.873874,4335.830651,1.473254905,1.945872652,0.052915663,0.117398649,1.563201904,29.83751678,0.222,1.871854167,2.093854167,
2.wav,chin,279.2792793,1,3972.573806,4546.15281,7882.882883,4546.15281,1.503011028,1.771288287,0.05103327,0.090559309,1.471679688,27.75242805,0.222,3.1494375,3.3714375,
2.wav,chin,279.2792793,1,4927.390433,4552.597123,9923.423423,4552.597123,1.074477379,0.700677667,0.028338348,0.136824324,0.783203125,8.55742836,0.222,5.22175,5.44375,
2.wav,chin,351.3513514,1,3738.21974,4291.018908,7211.711712,4291.018908,1.743064664,3.139442988,0.058239922,0.164977477,1.562713623,36.14396667,0.222,6.612229167,6.834229167,
2.wav,chin,355.8558559,1,3075.825284,4273.563866,5702.702703,4273.563866,2.26002869,4.844460888,0.073184334,0.118618619,1.72668457,57.07297516,0.222,8.115479167,8.337479167,
2.wav,chin,355.8558559,1,2725.524516,3572.739775,5549.54955,3572.739775,2.655272698,8.102926524,0.060557649,0.146677928,1.53414917,39.07799149,0.222,9.212541667,9.434541667,
2.wav,chin,355.8558559,1,3596.255094,3733.098972,6932.432432,3733.098972,1.606092927,3.211880766,0.061800729,0.109891141,1.506530762,40.69878387,0.222,10.39454167,10.61654167,
2.wav,chin,355.8558559,1,3186.563406,3483.931988,5522.522523,3483.931988,2.406599865,7.47399535,0.064862438,0.203078078,1.59576416,44.83124161,0.222,11.59533333,11.81733333,
4.wav,chin,319.8198198,1,3296.775986,3948.660375,5711.711712,3948.660375,2.266662922,5.709547248,0.061074063,0.246621622,1.559295654,39.74731827,0.222,0.64375,0.86575,
4.wav,chin,19707.20721,1,3298.978767,4370.348765,6486.486486,4370.348765,2.153894008,4.525737034,0.049689788,0.279842342,1.512176514,26.31046295,0.222,1.6255,1.8475,
4.wav,chin,400.9009009,1,3705.176723,3956.59896,6945.945946,3956.59896,1.893548412,3.972442199,0.074158706,0.174268018,1.899047852,58.60281372,0.222,4.141916667,4.363916667,
4.wav,chin,19707.20721,1,3912.019805,4298.337058,7144.144144,4298.337058,1.80947916,3.117472661,0.05064144,0.16600976,1.270080566,27.32789993,0.222,5.573416667,5.795416667,
4.wav,chin,454.954955,1,4414.674469,4424.05872,7639.63964,4424.05872,1.607765849,2.401812372,0.056447249,0.24634009,1.491149902,33.95312881,0.222,6.470854167,6.692854167,
4.wav,chin,99.0990991,1,3933.317882,4144.284212,7342.342342,4144.284212,1.77410385,3.167515187,0.057588007,0.191066066,1.804351807,35.33932877,0.222,7.87275,8.09475,
4.wav,chin,400.9009009,1,3639.088988,4392.723809,7540.540541,4392.723809,1.772778699,3.00518897,0.073638596,0.192004505,1.794128418,57.78367615,0.222,8.998625,9.220625,
6.wav,chin,472.972973,1,3075.750941,4259.923129,6207.207207,4259.923129,2.144185362,4.382613562,0.065436274,0.167792793,1.511138916,45.62799072,0.222,0.334104167,0.556104167,
6.wav,chin,19711.71171,1,3943.275442,5340.655643,8076.576577,5340.655643,1.902117154,2.715934708,0.041147992,0.562593844,1.14163208,18.0422821,0.222,1.4388125,1.6608125,
6.wav,chin,19707.20721,1,4074.072071,4739.530625,8094.594595,4739.530625,1.760468146,2.476210491,0.038045082,0.290071321,1.20513916,15.42379665,0.222,2.523291667,2.745291667,
6.wav,chin,19707.20721,1,4057.652712,4469.213989,7472.972973,4469.213989,1.747080394,3.05032396,0.048465222,0.313156907,1.635681152,25.0296402,0.222,3.725083333,3.947083333,
6.wav,chin,19707.20721,1,3418.131035,4299.662867,6819.81982,4299.662867,2.148156866,4.813701698,0.070145912,0.31981982,1.893585205,52.43230438,0.222,4.909666667,5.131666667,
6.wav,chin,19707.20721,1,3802.124487,4223.082407,6950.45045,4223.082407,1.955804512,4.124074879,0.06005796,0.277027027,1.753479004,38.43574905,0.222,6.012895833,6.234895833,
6.wav,chin,19707.20721,1,3436.311846,4331.868763,6815.315315,4331.868763,2.060384705,4.37047613,0.06069921,0.287256006,1.521636963,39.2609024,0.222,7.159979167,7.381979167,
6.wav,chin,472.972973,1,3465.283599,4186.842298,6414.414414,4186.842298,2.098082539,4.704773297,0.075048007,0.247935435,1.726318359,60.01675415,0.222,8.535166667,8.757166667,
6.wav,chin,19707.20721,1,3394.035696,4151.044953,6216.216216,4151.044953,2.177169836,5.146674312,0.052458923,0.314564565,1.466339111,29.32465744,0.222,9.633229167,9.855229167,
6.wav,chin,19707.20721,1,3326.011111,4324.245508,5752.252252,4324.245508,2.228032227,5.130097607,0.060553513,0.301801802,1.455535889,39.07265091,0.222,11.11875,11.34075,
7.wav,chin,19711.71171,1,4452.975043,4997.427908,9585.585586,4997.427908,1.511935849,1.689613211,0.042684373,0.371809309,1.368591309,19.41475868,0.222,0.456395833,0.678395833,
7.wav,chin,19711.71171,1,4925.529738,4715.901178,9648.648649,4715.901178,1.175995785,1.061343476,0.07102517,0.268862613,1.829986572,53.75498581,0.222,1.472895833,1.694895833,
7.wav,chin,324.3243243,1,3778.71476,4195.20516,6833.333333,4195.20516,1.833400867,3.377094838,0.065668099,0.146114865,1.836303711,45.95186234,0.222,2.888958333,3.110958333,
7.wav,chin,19707.20721,1,4709.157372,4652.758202,8436.936937,4652.758202,1.521007938,2.162448375,0.045775559,0.350319069,1.469726563,22.32859993,0.222,4.704979167,4.926979167,
7.wav,chin,19711.71171,1,5372.805668,5481.728394,11810.81081,5481.728394,1.133202197,0.383523484,0.042923074,0.436561562,1.466278076,19.63250923,0.222,6.383208333,6.605208333,
7.wav,chin,324.3243243,1,3802.425048,4765.200003,8382.882883,4765.200003,1.744900521,2.371359711,0.059707403,0.227665165,1.532562256,37.98836136,0.222,7.996208333,8.218208333,
7.wav,chin,19707.20721,1,5514.582717,4381.14718,9738.738739,4381.14718,1.229227853,1.61197117,0.049175348,0.392361111,1.675323486,25.76849556,0.222,9.307541667,9.529541667,
7.wav,chin,19711.71171,1,5696.64424,5339.473876,11581.08108,5339.473876,1.110020882,0.415740938,0.032091554,0.391704204,1.157867432,10.97427177,0.222,10.80941667,11.03141667,
8.wav,chin,19707.20721,1,3013.607059,4676.639402,5657.657658,4676.639402,2.372467139,4.836462536,0.083437636,0.332676426,1.814575195,74.18535614,0.222,0.3340625,0.5560625,
8.wav,chin,454.954955,1,2986.109019,4043.052352,5225.225225,4043.052352,2.519091398,6.984911845,0.06712307,0.27271021,1.438049316,48.01068115,0.222,1.4188125,1.6408125,
8.wav,chin,319.8198198,1,3962.199788,5137.284292,8873.873874,5137.284292,1.603810274,1.685680198,0.080234244,0.259947447,1.838043213,68.59836578,0.222,2.454791667,2.676791667,
8.wav,chin,279.2792793,1,2451.938862,3801.137936,4486.486486,3801.137936,2.967037707,9.68934507,0.0945898,0.229635886,1.833221436,95.34169006,0.222,4.119041667,4.341041667,
8.wav,chin,450.4504505,1,2977.538273,4211.542699,6148.648649,4211.542699,2.285896206,5.278819966,0.078727908,0.230105105,1.89276123,66.04677582,0.222,5.089229167,5.311229167,
8.wav,chin,454.954955,1,2840.588253,3124.056005,5238.738739,3124.056005,2.676162187,10.06122679,0.070643164,0.152214715,1.551300049,53.17830276,0.222,6.115791667,6.337791667,
8.wav,chin,19711.71171,1,3896.124187,4165.494124,7279.279279,4165.494124,1.879113762,3.890684039,0.066044234,0.270645646,1.65725708,46.47977829,0.222,7.627229167,7.849229167,
8.wav,chin,450.4504505,1,3911.053904,4442.370442,7486.486486,4442.370442,1.66877011,2.620802382,0.076063275,0.247841592,1.712127686,61.65158844,0.222,8.5770625,8.7990625,
8.wav,chin,19707.20721,1,3689.816968,4470.585857,7157.657658,4470.585857,1.942782841,3.751051488,0.064123452,0.320758258,1.630096436,43.81552124,0.222,9.768041667,9.990041667,
8.wav,chin,454.954955,1,3322.813929,4295.253738,6171.171171,4295.253738,2.156591592,4.525881359,0.072520055,0.245213964,1.886322021,56.04159164,0.222,10.88939583,11.11139583,
8.wav,chin,454.954955,1,3371.008346,4265.010268,6711.711712,4265.010268,2.120910167,4.677578831,0.077758551,0.312687688,1.700164795,64.43035126,0.222,11.7746875,11.9966875,
8.wav,chin,454.954955,1,2781.312744,3771.656207,5355.855856,3771.656207,2.508511325,6.977040024,0.097728044,0.207582583,1.937927246,101.7730103,0.222,12.77389583,12.99589583,
9.wav,chin,19707.20721,1,3393.289324,4201.740315,6693.693694,4201.740315,2.130429871,4.784609626,0.068727411,0.285003754,1.800231934,50.33315659,0.222,0.341979167,0.563979167,
9.wav,chin,19711.71171,1,4455.699212,4316.634402,7490.990991,4316.634402,1.652279839,3.042493291,0.053701099,0.365709459,1.669647217,30.7298584,0.222,1.369583333,1.591583333,
9.wav,chin,19707.20721,1,3646.820814,4264.824301,6905.405405,4264.824301,1.973358163,4.166912814,0.051704682,0.273179429,1.807495117,28.48747444,0.222,2.728875,2.950875,
9.wav,chin,324.3243243,1,3155.868152,3550.304839,5171.171171,3550.304839,2.448201298,7.346607871,0.056276321,0.125,1.604827881,33.74781036,0.222,3.868916667,4.090916667,
9.wav,chin,324.3243243,1,3779.695084,4155.546112,7171.171171,4155.546112,1.817697007,2.950033351,0.058009826,0.089433183,1.817626953,35.85892868,0.222,6.080916667,6.302916667,
9.wav,chin,324.3243243,1,3844.915177,4360.027198,7198.198198,4360.027198,1.77061659,3.14140993,0.066359639,0.239114114,1.571777344,46.92477798,0.222,7.792041667,8.014041667,
9.wav,chin,445.9459459,1,3973.348195,3929.986762,7234.234234,3929.986762,1.53862131,2.744520729,0.047537025,0.125656907,1.306427002,24.0800972,0.222,9.0706875,9.2926875,
9.wav,chin,252.2522523,1,3256.1103,4173.023887,6995.495495,4173.023887,1.966872068,3.474282622,0.080767803,0.076201201,1.900482178,69.5137558,0.222,10.47716667,10.69916667,
9.wav,chin,252.2522523,1,3901.093145,4462.691727,8162.162162,4462.691727,1.558769638,2.087247864,0.059629366,0.156437688,1.692687988,37.88912582,0.222,11.7555,11.9775,
10.wav,chin,99.0990991,1,3449.174868,4178.496763,6549.54955,4178.496763,1.989432612,4.143720248,0.032813467,0.176144895,0.948699951,11.47356796,0.222,1.217354167,1.439354167,
10.wav,chin,324.3243243,1,3457.848632,4816.459192,7432.432432,4816.459192,1.94365518,3.021309011,0.037413362,0.157188438,0.961456299,14.9158392,0.222,2.100104167,2.322104167,
10.wav,chin,19707.20721,1,4947.344075,4704.570733,8851.351351,4704.570733,1.397747884,1.668106189,0.036595792,0.288757508,1.477478027,14.27106953,0.222,3.114104167,3.336104167,
10.wav,chin,324.3243243,1,4041.231175,4133.462832,7274.774775,4133.462832,1.75461175,3.460429258,0.053888675,0.218093093,1.600158691,30.94491005,0.222,4.482041667,4.704041667,
10.wav,chin,19707.20721,1,4218.419124,4410.178976,7675.675676,4410.178976,1.781808628,3.035162195,0.052667674,0.318975225,1.55670166,29.5585041,0.222,5.756645833,5.978645833,
10.wav,chin,19707.20721,1,4441.802089,4967.635597,8788.288288,4967.635597,1.608802045,1.999848341,0.042752743,0.397991742,1.200592041,19.477005,0.222,6.953041667,7.175041667,
10.wav,chin,19707.20721,1,4201.420421,4537.097407,7594.594595,4537.097407,1.826333527,3.323528334,0.047118314,0.419763514,1.43170166,23.65776634,0.222,8.0310625,8.2530625,
11.wav,chin,99.0990991,1,5400.129333,4306.325102,10351.35135,4306.325102,0.917533823,0.50168383,0.027474223,0.136542793,1.123901367,8.043498993,0.222,0.858020833,1.080020833,
11.wav,chin,99.0990991,1,4266.637784,3830.368289,7355.855856,3830.368289,1.604487152,2.768130745,0.044252004,0.125563063,1.72064209,20.8670063,0.222,2.2919375,2.5139375,
11.wav,chin,234.2342342,1,5001.429921,4191.154723,8923.423423,4191.154723,1.134189199,1.231227327,0.033279277,0.131756757,1.20111084,11.80162907,0.222,3.726,3.948,
11.wav,chin,234.2342342,1,3916.958608,4507.86688,8351.351351,4507.86688,1.514641026,1.632675854,0.062146045,0.066441441,1.619598389,41.15486908,0.222,5.028854167,5.250854167,
11.wav,chin,99.0990991,1,6748.119337,5247.834475,12481.98198,5247.834475,0.494469442,-0.697125215,0.033643469,0.164039039,1.255950928,12.06134605,0.222,6.435541667,6.657541667,
11.wav,chin,99.0990991,1,3914.065328,4073.749805,7292.792793,4073.749805,1.694619508,2.764658484,0.056150947,0.106137387,1.742858887,33.59761047,0.222,7.866666667,8.088666667,
11.wav,chin,99.0990991,1,4854.64965,3954.564082,8509.009009,3954.564082,1.074265065,1.249006168,0.036705349,0.136918168,1.13482666,14.35664272,0.222,9.162291667,9.384291667,
12.wav,chin,527.027027,1,5405.66656,4400.066765,9878.378378,4400.066765,1.163666674,1.003426015,0.022285368,0.184872372,1.064849854,5.292170525,0.222,0.241145833,0.463145833,
12.wav,chin,405.4054054,1,5946.780305,4662.495371,11121.62162,4662.495371,0.963260351,0.37246775,0.03162121,0.216685435,1.290100098,10.65494537,0.222,1.088166667,1.310166667,
12.wav,chin,19711.71171,1,4973.094776,4176.998055,9189.189189,4176.998055,1.312517818,1.490915011,0.045759689,0.19115991,1.43460083,22.3131218,0.222,1.93975,2.16175,
12.wav,chin,527.027027,1,5688.855391,4760.297031,11054.05405,4760.297031,0.933114282,0.24613508,0.0378794,0.254598348,1.184234619,15.28975105,0.222,2.819333333,3.041333333,
12.wav,chin,19707.20721,1,5576.335497,4334.69561,9887.387387,4334.69561,1.308366638,1.504020541,0.042392977,0.280499249,1.175811768,19.15058327,0.222,3.670333333,3.892333333,
12.wav,chin,229.7297297,1,5402.189154,4586.240379,10729.72973,4586.240379,1.142296077,0.740249351,0.041394856,0.21021021,1.458312988,18.25941849,0.222,4.463645833,4.685645833,
12.wav,chin,567.5675676,1,4563.893693,4600.775479,9644.144144,4600.775479,1.381032142,1.214972378,0.06419608,0.146584084,1.963287354,43.91483307,0.222,5.349895833,5.571895833,
12.wav,chin,527.027027,1,5978.080627,4816.989004,11472.97297,4816.989004,0.850109771,0.035972873,0.030468432,0.231325075,1.206573486,9.892235756,0.222,6.172916667,6.394916667,
12.wav,chin,229.7297297,1,5753.494562,4350.849734,10531.53153,4350.849734,1.089271753,0.781951261,0.041457009,0.219594595,1.240234375,18.314291,0.222,6.950229167,7.172229167,
12.wav,chin,355.8558559,1,5929.050164,4604.718252,10810.81081,4604.718252,0.93535047,0.295334557,0.03773205,0.210867117,1.255157471,15.17102814,0.222,7.7320625,7.9540625,
12.wav,chin,4909.90991,1,5099.249396,4229.414821,9445.945946,4229.414821,1.358106041,1.43425473,0.042686276,0.175394144,0.952850342,19.41649246,0.222,8.541979167,8.763979167,
12.wav,chin,518.018018,1,5040.709478,4433.666604,9860.36036,4433.666604,1.290365735,1.189277023,0.045151021,0.164414414,1.164764404,21.72347832,0.222,9.304020833,9.526020833,
12.wav,chin,3941.441441,1,5787.334995,4433.580332,10860.36036,4433.580332,1.138170181,0.715025047,0.03108017,0.179710961,0.940063477,10.29345036,0.222,10.046375,10.268375,
12.wav,chin,355.8558559,1,5612.419209,4559.47714,10581.08108,4559.47714,1.005560898,0.46661636,0.036391586,0.182713964,1.018951416,14.11224651,0.222,10.71608333,10.93808333,
12.wav,chin,355.8558559,1,5214.647581,4013.837734,8981.981982,4013.837734,1.259209257,1.567604949,0.036478318,0.172954204,1.025146484,14.17959404,0.222,11.42808333,11.65008333,
12.wav,chin,3175.675676,1,6110.128444,4598.713028,11558.55856,4598.713028,0.950530586,0.21320857,0.036853269,0.242023273,1.215148926,14.47259045,0.222,12.9674375,13.1894375,
13.wav,chin,171.1711712,1,3603.286497,4394.999412,7684.684685,4394.999412,1.690822085,2.380461416,0.065438248,0.084928679,1.562988281,45.6307373,0.222,0.514645833,0.736645833,
13.wav,chin,19711.71171,1,5230.178942,4935.136192,10545.04505,4935.136192,1.184058205,0.780162411,0.047906607,0.248967718,1.304870605,24.45597839,0.222,1.8150625,2.0370625,
13.wav,chin,454.954955,1,4346.897159,4048.720954,7364.864865,4048.720954,1.436835517,2.274756638,0.080400735,0.117023273,1.77633667,68.88334656,0.222,3.014729167,3.236729167,
13.wav,chin,450.4504505,1,4465.370863,4537.669775,9297.297297,4537.669775,1.32712485,1.208180834,0.058957644,0.105762012,1.779022217,37.04029846,0.222,4.13675,4.35875,
13.wav,chin,454.954955,1,3651.979985,3928.431904,6599.099099,3928.431904,1.804360689,3.596895473,0.076424755,0.100882132,1.882476807,62.23896027,0.222,6.1075,6.3295,
13.wav,chin,454.954955,1,3581.655055,4262.286226,7328.828829,4262.286226,1.723553068,2.950486429,0.075941809,0.171734234,1.893585205,61.45484543,0.222,7.217979167,7.439979167,
13.wav,chin,450.4504505,1,3885.342099,4236.583613,7306.306306,4236.583613,1.6528673,3.050407067,0.087705478,0.222785285,1.913208008,81.9686203,0.222,8.41175,8.63375,
13.wav,chin,400.9009009,1,4279.338169,4891.49871,8256.756757,4891.49871,1.587220265,2.092113717,0.090027355,0.308746246,1.819915771,86.36607361,0.222,9.935395833,10.15739583,
13.wav,chin,319.8198198,1,4379.112756,5043.243253,9324.324324,5043.243253,1.398402467,1.346218651,0.067246467,0.264827327,1.567321777,48.18736267,0.222,10.95979167,11.18179167,
14.wav,chin,19709.89761,1,3768.373331,4320.85796,6419.795222,4320.85796,2.239620091,5.320114413,0.039292902,0.468643345,1.131958008,21.71385956,0.293,0.143666667,0.436666667,
14.wav,chin,19709.89761,1,4097.832832,4509.285776,7542.662116,4509.285776,1.826875165,3.41527797,0.02933442,0.45826223,0.934570313,12.10218716,0.293,1.2805625,1.5735625,
14.wav,chin,19709.89761,1,4201.279575,4833.382892,7351.535836,4833.382892,1.984324106,3.636913197,0.029738838,0.576507395,0.933959961,12.43818092,0.293,2.279583333,2.572583333,
14.wav,chin,19709.89761,1,3815.527342,4879.92795,7368.600683,4879.92795,1.961537672,3.411422545,0.037395999,0.487201365,1.200439453,19.66795158,0.293,3.484166667,3.777166667,
14.wav,chin,19709.89761,1,3387.436208,4490.274131,5928.327645,4490.274131,2.424235215,5.919696245,0.044159554,0.449089875,1.373352051,27.42572975,0.293,4.617833333,4.910833333,
14.wav,chin,19709.89761,1,3678.529665,4652.725598,6163.822526,4652.725598,2.289492859,5.081920285,0.030049428,0.506186007,0.841156006,12.69934464,0.293,5.75325,6.04625,
14.wav,chin,19709.89761,1,4183.909705,4360.395266,7525.59727,4360.395266,1.756726427,3.255030991,0.024031237,0.395691126,0.859954834,8.121964455,0.293,6.982958333,7.275958333,
14.wav,chin,19709.89761,1,4009.511911,4197.999626,7320.819113,4197.999626,1.733152402,3.449651467,0.034819633,0.303683163,1.090026855,17.0512886,0.293,8.317354167,8.610354167,
14.wav,chin,19709.89761,1,4311.547934,5280.014485,9866.894198,5280.014485,1.578135149,1.544464599,0.022712322,0.306811718,0.923492432,7.254908562,0.293,9.777166667,10.07016667,
14.wav,chin,453.9249147,1,3362.777561,4175.176409,6484.641638,4175.176409,2.159219871,4.946102262,0.044590238,0.318614903,1.14755249,27.96330261,0.293,11.02897917,11.32197917,
14.wav,chin,470.9897611,1,3723.893186,4475.473692,7395.904437,4475.473692,1.885583702,3.300125363,0.021541346,0.266851536,0.73248291,6.526112556,0.293,12.308,12.601,
15.wav,chin,354.9488055,1,3637.245428,4563.85371,7116.040956,4563.85371,1.859148955,3.107049344,0.029418826,0.231370876,0.878143311,12.17193222,0.293,0.917291667,1.210291667,
15.wav,chin,19709.89761,1,3623.82766,3693.896335,6150.170648,3693.896335,2.11664621,5.668378539,0.035574432,0.216439135,1.097900391,17.79855728,0.293,1.942333333,2.235333333,
15.wav,chin,19709.89761,1,3198.312443,4649.817041,6242.320819,4649.817041,2.243887781,4.749234537,0.027804919,0.34798066,0.706512451,10.87306786,0.293,3.0494375,3.3424375,
15.wav,chin,453.9249147,1,3679.263013,4400.658262,7184.300341,4400.658262,1.774400882,2.919585842,0.041116774,0.148748578,1.101531982,23.7764473,0.293,4.989666667,5.282666667,
15.wav,chin,19709.89761,1,3239.763474,4088.590309,6556.313993,4088.590309,2.264376477,5.504607507,0.045978647,0.297710466,1.302856445,29.73180389,0.293,5.98525,6.27825,
15.wav,chin,19709.89761,1,3203.7176,3982.770507,5682.593857,3982.770507,2.296819306,5.967893575,0.052318048,0.26350967,1.300872803,38.49567032,0.293,7.660770833,7.953770833,
15.wav,chin,19709.89761,1,3405.343516,4250.140855,6860.068259,4250.140855,2.020300685,4.080212591,0.053682528,0.25625711,1.277008057,40.52983093,0.293,8.817333333,9.110333333,
15.wav,chin,255.9726962,1,3058.909669,3689.315195,5385.665529,3689.315195,2.269505377,5.946083632,0.03859869,0.205346985,1.129211426,20.95337677,0.293,9.849229167,10.14222917,
15.wav,chin,276.4505119,1,3265.843871,3667.918505,5952.21843,3667.918505,2.198665547,5.86109158,0.043000605,0.195179181,1.21383667,26.00506973,0.293,10.8019375,11.0949375,
17.wav,chin,19709.89761,1,4522.026476,4970.69371,8477.8157,4970.69371,1.581120433,2.128216989,0.036780093,0.393842435,1.091033936,19.02543068,0.293,0.5095625,0.8025625,
17.wav,chin,19709.89761,1,4469.359292,5139.199378,9156.996587,5139.199378,1.575064352,1.947834349,0.048680905,0.424061433,1.332519531,33.32929611,0.293,1.453916667,1.746916667,
17.wav,chin,19709.89761,1,4493.152034,4802.840158,7511.945392,4802.840158,1.804587311,3.071128908,0.02461135,0.530858931,0.784484863,8.518826485,0.293,2.441833333,2.734833333,
17.wav,chin,19709.89761,1,4732.879443,4909.583888,8918.088737,4909.583888,1.485167323,2.026268918,0.030438324,0.499360068,1.019927979,13.03017712,0.293,3.7220625,4.0150625,
17.wav,chin,19709.89761,1,3784.965528,4474.988103,7078.498294,4474.988103,2.010135573,4.115677037,0.036847826,0.3971843,1.353210449,19.09556961,0.293,5.079875,5.372875,
17.wav,chin,19709.89761,1,3833.6719,4360.840464,7102.389078,4360.840464,1.926462865,3.851837485,0.039367601,0.37620876,0.97467041,21.79649925,0.293,6.002479167,6.295479167,
17.wav,chin,19709.89761,1,4910.318035,5005.683287,9535.836177,5005.683287,1.368148256,1.457801266,0.032986477,0.464661547,0.964935303,15.30314732,0.293,7.065604167,7.358604167,
17.wav,chin,19709.89761,1,4626.248216,4753.917873,8621.16041,4753.917873,1.555539449,2.143598532,0.041904379,0.416808874,1.265930176,24.69605827,0.293,7.990208333,8.283208333,
17.wav,chin,19709.89761,1,4622.885077,4587.3849,8064.846416,4587.3849,1.607635634,2.448406144,0.034878835,0.405858931,0.992279053,17.1093235,0.293,9.0715,9.3645,
17.wav,chin,19709.89761,1,4568.371729,4580.414941,9078.498294,4580.414941,1.513195732,2.1286818,0.045314528,0.396686576,1.253082275,28.87910652,0.293,9.906958333,10.19995833,
18.wav,chin,301.0752688,1,5080.887199,5094.455432,11064.51613,5094.455432,1.230409656,0.695095746,0.035988443,0.20687724,0.903198242,11.56326008,0.186,0.613395833,0.799395833,
18.wav,chin,301.0752688,1,3916.15859,4476.75801,7586.021505,4476.75801,1.798130001,2.906526079,0.038875677,0.222894265,1.085266113,13.49304962,0.186,1.564833333,1.750833333,
18.wav,chin,19709.67742,1,3659.043892,4491.888064,7274.193548,4491.888064,1.926445336,3.2489851,0.043913499,0.225582437,1.0184021,17.21671295,0.186,2.8100625,2.9960625,
18.wav,chin,19709.67742,1,4326.170503,3944.103293,7349.462366,3944.103293,1.754830391,3.706617024,0.044656225,0.248991935,1.275054932,17.80402374,0.186,3.836875,4.022875,
18.wav,chin,301.0752688,1,4114.772033,4741.268349,9258.064516,4741.268349,1.54676612,1.651222833,0.035528544,0.132952509,0.865570068,11.26961327,0.186,4.961208333,5.147208333,
18.wav,chin,301.0752688,1,4582.867344,4432.378851,7924.731183,4432.378851,1.520550841,2.076366733,0.034210846,0.16140233,0.873596191,10.44917011,0.186,6.686104167,6.872104167,
18.wav,chin,489.2473118,1,3358.203678,3738.21861,5301.075269,3738.21861,2.365027699,6.108546721,0.043574713,0.118503584,1.108673096,16.95209122,0.186,8.335833333,8.521833333,
20.wav,chin,263.4408602,1,2797.996435,4358.813903,6381.72043,4358.813903,2.185748419,4.116264077,0.068104483,0.073812724,1.154388428,41.41003799,0.186,0.468520833,0.654520833,
20.wav,chin,263.4408602,1,2849.987283,4103.381029,6247.311828,4103.381029,2.231947396,4.717933253,0.061173547,0.074708781,1.219665527,33.41038513,0.186,1.471229167,1.657229167,
20.wav,chin,263.4408602,1,2345.793354,3812.283529,5215.053763,3812.283529,2.47698626,5.996339577,0.052307438,0.061827957,1.083404541,24.42761612,0.186,2.2453125,2.4313125,
20.wav,chin,263.4408602,1,3120.078657,3685.155459,5989.247312,3685.155459,2.081366475,5.018739933,0.061908927,0.089829749,1.375854492,34.21848297,0.186,4.370145833,4.556145833,
20.wav,chin,263.4408602,1,2901.624164,4136.088266,6317.204301,4136.088266,2.103699452,4.052931886,0.053753745,0.058915771,1.214660645,25.79714394,0.186,5.1015,5.2875,
20.wav,chin,177.4193548,1,2838.970277,4142.302093,6634.408602,4142.302093,2.097320906,4.262756488,0.05858624,0.103718638,1.251525879,30.64399719,0.186,7.157,7.343,
20.wav,chin,177.4193548,1,3170.569449,3681.621211,5801.075269,3681.621211,2.177782973,5.367650913,0.058196101,0.115367384,1.251312256,30.23722649,0.186,7.85075,8.03675,
20.wav,chin,263.4408602,1,2160.95929,3451.151587,4419.354839,3451.151587,2.90853074,9.136562452,0.056524973,0.064964158,1.351806641,28.52560806,0.186,9.447541667,9.633541667,
20.wav,chin,263.4408602,1,3511.858198,4001.487431,6768.817204,4001.487431,1.821752939,3.642417455,0.045490541,0.154345878,1.233032227,18.47550964,0.186,10.312125,10.498125,
21.wav,chin,236.5591398,1,3866.318987,4452.133245,7107.526882,4452.133245,1.784058169,2.984847187,0.032312222,0.115255376,0.888061523,9.32154274,0.186,0.623041667,0.809041667,
21.wav,chin,236.5591398,1,3722.050901,4513.297052,8091.397849,4513.297052,1.59970071,1.9624624,0.040864371,0.097446237,0.919494629,14.90883732,0.186,1.862416667,2.048416667,
21.wav,chin,236.5591398,1,2754.175548,3362.736595,4913.978495,3362.736595,2.334005482,6.69329746,0.056962796,0.066308244,1.177154541,28.9692173,0.186,3.092416667,3.278416667,
21.wav,chin,236.5591398,1,3434.471005,4022.054008,6607.526882,4022.054008,1.782167886,3.268413322,0.044112787,0.079413082,0.938568115,17.37333488,0.186,4.503979167,4.689979167,
21.wav,chin,231.1827957,1,2995.471735,4003.8476,6161.290323,4003.8476,2.080116446,4.287199536,0.051057972,0.053539427,1.114227295,23.27454948,0.186,6.580583333,6.766583333,
21.wav,chin,236.5591398,1,3611.754491,3591.359632,6231.182796,3591.359632,1.833821243,4.104129106,0.042053416,0.087477599,0.987579346,15.78907681,0.186,7.900541667,8.086541667,
21.wav,chin,236.5591398,1,3952.01057,4409.440443,8193.548387,4409.440443,1.683211113,2.251553656,0.034181986,0.100918459,0.841125488,10.43154716,0.186,9.4966875,9.6826875,
21.wav,chin,209.6774194,1,4058.674101,4659.74828,8209.677419,4659.74828,1.526129554,1.670478105,0.036631338,0.074820789,0.786865234,11.9800806,0.186,10.72283333,10.90883333,
22.wav,chin,19709.67742,1,4866.483873,4749.229374,9876.344086,4749.229374,1.319595323,1.336448157,0.0273153,0.30577957,0.849609375,6.661409855,0.186,0.107125,0.293125,
22.wav,chin,19709.67742,1,4331.102393,4643.861682,7327.956989,4643.861682,1.7464262,2.705044585,0.04189289,0.289426523,1.215118408,15.66876793,0.186,1.480770833,1.666770833,
22.wav,chin,19709.67742,1,6444.206779,5599.732267,12983.87097,5599.732267,0.785907943,-0.411317312,0.03072718,0.380376344,0.821838379,8.429456711,0.186,3.022208333,3.208208333,
22.wav,chin,19709.67742,1,5403.563652,5466.94641,11419.35484,5466.94641,1.06742036,0.292854729,0.040105384,0.332549283,1.144348145,14.36016846,0.186,4.418166667,4.604166667,
22.wav,chin,440.8602151,1,4990.264199,4585.726008,9413.978495,4585.726008,1.353748159,1.531482251,0.038402263,0.246639785,1.050750732,13.16642284,0.186,5.808979167,5.994979167,
22.wav,chin,494.6236559,1,5572.260605,5041.772653,11284.94624,5041.772653,1.011264059,0.326898621,0.03373336,0.284722222,1.106658936,10.15952396,0.186,7.155395833,7.341395833,
22.wav,chin,494.6236559,1,4713.906964,4979.634338,10268.8172,4979.634338,1.255552288,0.884447747,0.040895812,0.26344086,1.131408691,14.93178844,0.186,8.498875,8.684875,
22.wav,chin,19709.67742,1,3192.475148,4398.153719,5591.397849,4398.153719,2.439488914,5.806350429,0.040433213,0.317876344,1.164581299,14.59589386,0.186,9.801583333,9.987583333,
22.wav,chin,19709.67742,1,4414.142226,4739.027011,9150.537634,4739.027011,1.500661741,1.84596293,0.032825582,0.308355735,0.990142822,9.620087624,0.186,11.20620833,11.39220833,
24.wav,chin,322.5806452,1,2860.343408,3906.296344,5715.053763,3906.296344,2.346811291,5.822503307,0.042202607,0.093189964,0.852722168,15.9013052,0.186,0.312854167,0.498854167,
24.wav,chin,456.9892473,1,3406.269411,4775.651956,7559.139785,4775.651956,1.940584078,3.117281705,0.061143342,0.152105735,1.061676025,33.37739944,0.186,1.482416667,1.668416667,
24.wav,chin,19709.67742,1,4610.821428,4900.330334,9500,4900.330334,1.39956925,1.484319055,0.043029949,0.352598566,1.148345947,16.53087616,0.186,2.765895833,2.951895833,
24.wav,chin,456.9892473,1,2694.198337,3878.606544,5586.021505,3878.606544,2.476806598,6.676909578,0.065116636,0.121863799,1.224639893,37.85629654,0.186,4.557229167,4.743229167,
24.wav,chin,456.9892473,1,2473.754159,3982.165617,5704.301075,3982.165617,2.501559096,6.394481914,0.058171012,0.088261649,1.152191162,30.21116257,0.186,5.686354167,5.872354167,
24.wav,chin,456.9892473,1,3060.719538,4243.616411,6139.784946,4243.616411,2.183561768,4.666850652,0.078984268,0.15703405,1.341308594,55.69746017,0.186,7.824083333,8.010083333,
24.wav,chin,451.6129032,1,2927.238567,4568.521079,6672.043011,4568.521079,2.166621295,4.272845158,0.046223324,0.146953405,1.057434082,19.07552528,0.186,8.766583333,8.952583333,
24.wav,chin,451.6129032,1,2801.478478,4297.496968,6650.537634,4297.496968,2.319981912,5.252989043,0.051362906,0.191308244,1.305511475,23.55338669,0.186,9.747166667,9.933166667,
24.wav,chin,451.6129032,1,2273.886243,3780.541418,4500,3780.541418,2.946880873,9.116340581,0.072836906,0.143257168,1.34487915,47.36495972,0.186,10.74864583,10.93464583,
